Eselborn, Op der San
Heffingen, Rue de Ch
Hautcharage, Stade  
Mecher, Dueref      
Strassen, Schoenacht
Greiveldange, Schoul
Dudelange, Gare-Usin
Clausen, Malakoff   
Erpeldange/Ettelbruc
Rameldange, Beiebier
Maldingen, Kirche   
Schifflange, Cit  Em
Oberpallen, Schnudde
Clervaux, Piscine   
Diekirch, Neie Kolle
Esch/Alzette, Bd Alo
Cessange, Boy Konen 
Belair, Sacr -Coeur 
Sandweiler, Koschter
Burer Millen        
Rosport, Lokal      
Wilwerwiltz, Schoulk
Luxembourg/Strassen,
Alscheid, Haut      
Reuler, Duerf       
Marnach, P nnik     
Sanem, Zentrum      
Marnach, Bombatsch  
Schuttrange, Al-Sch 
Clervaux, Kalborn/Ka
Nommern, Kiirch     
Longuich, Parkplatz 
Marnach, F schberstr
Obercorn, LTMA Annex
Kreizerbuch         
Gonderange, Stohlbou
Leudelange, Schl iwe
Boxhorn, Hongerkaul 
Oberglabach, Kapell 
Lipperscheid, Leweck
Limpertsberg, Arts e
Marnach, Gesch ftsze
Folschette, Rammeric
Steinsel, Michel Rod
Dudelange, Kr izbier
Lenningen, Basilika 
Kehlen, Schaarfeneck
Hoffelt, Driicht    
Itzig, Itzigerstee  
Gostingen, Am Ennerd
Wasserliesch, Reinig
Trier, Messepark P+R
Schrondweiler, Um Wo
Wasserbillig, Meseni
Perl , An der Huel  
Schlindermanderschei
Differdange, Gare   
Heffingen, Abri (Cen
Clemency, Schock    
Hachiville, Centre  
Bonnevoie, Demy Schl
Gasperich, Fran ois 
Schuttrange, Kierche
Esch/Alzette, Kazebi
Wiltz, Belle Vue    
Nocher, Um Knupp    
Alsdorf (Eifel), Abz
Junglinster, Um Radi
Altwies, An der Kaz 
Rodange, Kierch     
Kayl, Broucherbierg 
P tange, Gare       
Dudelange, Rue Nic B
Beckerich, Fraiheets
Ernster, Engelshaff 
Bereldange, Police  
Gasperich/Howald, P&
Benonchamps, N  108 
Consdorf, Post      
Esch/Alzette, Kierfe
Hupperdange, Schull 
Tuntange, Weisserche
Irrhausen, Im Pfenn 
Nospelt, Pompjeesbau
Sanem, Kierch       
Bettendorf, Gemeng  
Reisdorf, Bei der Ga
Niederanven, Geisfel
Boevange/Attert, Mil
Grevenmacher, Copal 
Aubange, Village    
Wahlhausen, Akescht 
Weimerskirch, Pierre
Wecker, Coboulux    
Schengen, Um Haff   
Herserange, Paris   
Ettelbruck, Cit  Pat
Rodange, Niederredin
Lenningen, Am Aker  
Consdorf, Schoul    
Arsdorf, Am Gronn   
Mt.St.Martin, Jean J
Cessange, Fischerhaf
Kirchberg, Konrad Ad
P tange, Paschtouesc
Pronsfeld, Kirche   
Esch/Alzette, Piscin
Soleuvre, Zolwerknap
Soleuvre, Rouseb sch
Hamm, Peupliers     
Mondorf, R imecherst
Nocher, Route N 20  
Medernach, Fondation
Sterpenich, Passage 
Kleinhoscheid       
Beiler, Bei der aler
Mt.St.Martin, Maison
Remich, Pl. Nico Klo
Flatzbour           
Cessange, Artisans  
Roeser, Gemeng      
Beaufort, Um Bierg  
Kirchberg, Sichegron
Hagen, Op Eechelter 
Oberpallen, Br ck   
Grosbous, Spr tzenha
Niederpallen, Ditzeb
Mt.St.Martin, Nancy 
Esch/Alzette, Lallen
Flaxweiler, Op der B
Kirchberg, Labours  
Brouch/Mersch, Kierc
Roodt/Syre, Barri r 
Reimberg            
Reckange/Mersch, Hos
Wilwerdange, Kiirch 
Belvaux, Roudewee   
Mersch, B nzert     
Kehlen, Enneschte Bu
Heiderscheid, Zone C
Huldange, Scierie   
Rodange, rue Philipp
Arsdorf, Op der Lee 
Noertrange, Um Dr ic
Rodange, Gendarmerie
Pontpierre, Koppbier
Reuland             
Belvaux, Uewerkuerer
Dellen, Am Duerf    
Strassen, Atrium    
Berl , Um Dr isch   
Strassen, Geesseneck
Esch/Alzette, Ausz i
Leudelange, LaLux   
Holtz, Um Bur       
Lorentzweiler, rue d
Eschette, Duerf     
Belvaux, Henri Tudor
Savelborn, Haaptstro
L velange, Kalek    
Niedercorn, CHEM 1  
Perl, Bahnhofstrasse
Centre, St replaz / 
Boxhorn, Schemer    
Ell, Beim Musikssaul
Grosbous, Beim Iwwer
Moestroff, Wangerten
Asselborn, Elwenter 
Hollenfels, Vereinsb
Trier, Christophstr.
Schoenfels, Schlass 
Rodenbourg, An der S
Orscholz, Post      
Lorentzweiler, Gare 
Schweich, P&R       
Bollendorf-Pont, Ham
Vianden, Place Engel
Nothum, Molkerei    
Lasauvage, Kierch   
Saeul, Post         
Esch/Alzette, Auberg
Machtum, Bei der Sch
Merscheid/Heidersche
Gasperich, Lascombes
Kuborn              
Emerange, Centre Cul
Strasbourg          
Burden, Haaptstrooss
Schieren, Faubourg  
Bascharage, Bomecht 
Ehner, Krier        
Gilsdorf, Am Treppch
Gonderange, Op der B
Howald, Minsb sch   
Gonderange, Op der G
Rollingergrund, Stee
Longwy, Place Darche
Barnich, Ecole      
Erpeldange/Bous, Sch
Michelbouch         
Merscheid/Putscheid,
Wahlhausen, Kiirch  
Rodange, Vullesang  
Moutfort, Kiem      
Soleuvre, Huuschtewe
Lieler, G sselchen  
Dudelange, Rue Angel
Rumelange, Atelier K
Mondorf, Daundorf   
Pr m, Gerberweg     
Selz                
Knaphoscheid, Schent
Bonnevoie, Izegerknu
Hoscheid-Dickt, Um P
Hoscheid-Dickt, Um W
Angleur, Gare       
Esch/Alzette, Rue La
Colmar, Goldbierg   
Lipperscheid, Ale Ki
Diekirch, rue Merten
Luxembourg, Siggy vu
Niedercorn, Altershe
Warken, Cit  Waarkda
Bigonville, R imerwe
Kopstal, Kapell     
Pont-a-Mousson      
Walferdange, Gare   
Riesenhaff          
Belvaux, Brill      
Cruchten, Heemeschba
Beggen, Cyprien Merj
Ellenger Gare       
Kirchberg, Coque    
Wiltz, Pompjeesbau  
Selscheid, Dirwis   
Pratz, Folschterstro
Stegen, Bloen Eck   
Clausen, Plateau Alt
Schifflange, Huele W
Bettembourg, Caf  du
Kayl, Rue de Noertza
Colmar, rue de Luxem
Pontpierre, L tzebue
Frisange, Op der Kr 
Pontpierre, Leidelen
Charles Darwin      
Arlon, INDA         
Frisange, Hau       
Munsbach, Minsber Ba
Wormeldange, Op der 
Rameldange, Am Duerf
Derenbach, Weischent
Useldange, Spuerkees
Wiltz, Schwemm      
Nittel, Bahnhof     
Perl, Maim hle      
Moutfort, Kapell    
EIDE - Esch         
Ettelbruck, Rue Prin
Cessange, Duerf     
Nothum, Schumann    
Folschette, Carri re
Betzdorf, Bei der Sc
Cents, Halte CFL    
Altrier, Op der Scha
Leudelange, Grasb sc
Sprinkange, Place de
Esch/Alzette, Rue Mi
Bitburg, Echternache
Ingeldorf, Cactus   
Bastendorf, Beim Ter
Marnach, Beim Sender
Merl, Conservatoire 
Bouferknupp         
Lausdorn            
Belvaux-Soleuvre, Ga
Huldange, Grotte    
Reisdorf, An der Ee 
Dorscheid, Am Poul  
Flaxweiler, Am Faubo
Niedercorn, Route de
Luxembourg, Wallis  
Belvaux, Boulodrome 
KOPSTAL, Kl ipesch  
Bergem, Raedelsboesc
Wasserbillig, Centre
Arlon, Pl.des Chasse
Esch/Alzette, Rue M.
Colmar-Berg, Z.I. Ro
Elvange/Mondorf, Bei
Putscheid, Gemeng   
Beringen, W schbur  
Kayl, Post          
Pommerlach, Tr ntelh
Cents, Camille Polfe
Merl, Op der Millen 
Wolsfeld, Kirche    
Weimerskirch, M erte
Hobscheid, Viirstad 
Bigonville, Knupp   
T tange, Rue Neuve  
Sassel              
Sonlez, Koschter    
Rodenbourg, Am Duerf
Mertert, route Natio
Wiltz, Kautebaachers
Merl, Orval         
Altrier, Kreizenh ic
Wolwelange, Ennescht
Esch/Alzette, Schlue
Esch/Alzette, Burgro
Wiltz, Schlass      
Consdorf, Melickshec
Kleinbettingen, Duer
Landres, Cimeti re  
Helfent, City Concor
Urspelt, Knupp      
Goeblange, Giewel   
Harlange, Bei der Sc
Belvaux, Batting    
Clemency, Schwemm   
Athus, Garage Peugeo
Mamer, Coq Hardi    
Pulvermuhl, Hammerd 
Differdange, Profi  
Heffingen, Centre   
Siebenaler          
Gilsdorf, Schoul    
Bonnevoie,  mile Dup
Hostert, Betzberg   
Michelau, Willspull 
Reuler, Centre Scola
Lamadelaine, Schoul 
Berchem, Gare       
Warken, Cit  Boursch
Mompach, Buerschdr f
Sandweiler, rue d'It
Wiltz, Aalen Tipp   
Christnach, Fielsers
Belair, Stade       
Neidhausen, Kiirch  
Lameschmillen       
Schimpach           
Losheim, Merziger St
Esch/Alzette, Terres
T tange, Schungfabri
Mont St. Nicolas    
Grosbous, Kiirf nt  
Dommeldange, Arcelor
Niederanven, Minsbec
Grevenmacher, Enner 
Nothum, Duerfstrooss
Marloie             
Heiderscheid        
Esch/Alzette, Wobr c
Munsbach, Op der Gar
Roeser, Oradour     
Steinsel, Laval     
Merl, Parc          
Aubange, Zoning     
Benonchamps, Pont   
Muhlenbach, Peiffesc
Dudelange, Maison de
Wallendorf, Bei der 
Mondorf, Christophor
Koerich, SES        
Lamadelaine, Lyc e T
Rameldange, Op der B
Sanem, Cit  Tornaco 
Irrhausen, Eigelsfen
Soleuvre, Cit  Schei
Halanzy             
Mertzig, Gemeng     
Lorentzweiler, An de
Reuler, H h         
Breinert            
Everlange, Everl nge
Sentzich, Cimeti re 
Longwy, 11 Novembre 
Hovelange, Bei Bitze
Mertert, Beckius    
Lieler, Schull      
Noerdange, Ale Pompj
Oberdonven          
Belfort, Montbeliard
Weiswampach, Duarref
Messancy, Promenade 
Differdange, Avenue 
Colpach-Bas, Schlass
Mondercange, Blach  
Assel               
Belair, Rue de l'Oue
Ehlerange, ZARE oues
Autelbas, Centre    
Gasperich, D portati
Bastogne, Home Marke
Garnich, Rixegoard  
Boevange, Helpert   
Roullingen, Duerf   
Fischbach/Mersch, Pa
Lieler, Beim Biereg 
Merkholtz, Dellewee 
Echternacherbr ck, P
Aubange, Nizette    
Differdange, Vesquen
Ermsdorf, Buntewee  
Greiveldange, Neie W
Rollingergrund, Biis
Kayl, Br ck         
Berdorf, Hotel Herbe
Asselscheuer/Uessels
Medingen, Aire de vi
Roeser, Bei der Uelz
Schifflange, Stadhau
Dickweiler, Duerfpla
Beiler, Beim Kr cks 
Benonchamps, N  2A  
Moersdorf, Iewescht 
Openthalt           
Troine-Route, Op der
Marnach, Bei der Kie
Esch/Alzette, Cit  d
Mondorf, Vor Howent 
Waldbredimus, Hanner
Strassen, Bechel    
Gasperich, Francopho
Goedange            
Grevenknapp, Riesenh
Frisange, Aal Gemeng
Mondercange, Schw mm
Fentange, Hiehl     
Specksmillen        
Niederglabach, Peffe
Brandenbourg, Kapell
Ottange, Transformat
Bascharage, Boeltgen
Rodange, Cit    la W
Eich, Klinik        
Vianden, Gare       
Larochette, Spuerkee
Buschdorf, M  schhaf
Strassen, Terminus  
Aubange, rue d'Athus
Bleesbr ck          
Pont de Langsur     
Garnich, Schm tt    
Echternach, Morgenst
Capellen, Eechterfel
Echternach, Manertch
Foetz, Feitzerhaff  
Gilsdorf, An der Kl 
Bettembourg, Mosselt
Irrhausen, Gemeindeh
Grevenmacher, rte.de
Dahlem, Um P tz     
Hamm, Rue Haute     
Niedercorn, Mathenda
Altrier, Heeschbrege
Sandweiler, Schaedha
Niedercorn, Aale Sta
Merl, Kiirfecht     
Grevenmacher, Stadio
Warken, Centre d'Edu
Longwy, R publique  
Schouweiler, Gare   
Kirchberg, Philharmo
Bonnevoie, Chalop   
Limpertsberg, Bois  
Fran ois Hogenberg Q
Reckange/Mersch, Bar
Pfaffenthal-Kirchber
Berdorf, Duerfplaz  
Soleuvre, Cit  2000 
Eschweiler/Wiltz, Ha
Belair, Kierch      
Eschweiler/Wiltz, Hi
Mersch, Maartplaz   
M llerthal, Schiesse
Findel, Cargo Center
Graulinster, Haaptst
Esch/Alzette, Gare  
Born, Op Kimmelt    
Esch/Alzette, Gare (
Pfaffenthal, Sichenh
Bonnevoie, Jean Jaco
Esch/Alzette, Cit  J
Niedercorn, Wagner K
Wahlhausen, Am Duerf
Bascharage, Jules He
Esch/Alzette, Cliniq
Winseler, Rossk mmch
Itzig, Kapell       
Urspelt, Schlass    
Godbrange, Op der Ha
Betzdorf, Gare      
Esch/Alzette, Cit  V
L velange, Ellerstro
Mersch, Uewermiersch
Hosingen, Bayrischt 
Gilsdorf, Cimeti re 
Heisdorf, Klouster  
Hoscheid, Kr izgaass
Longwy, Lafontaine  
Gasperich, Cloche d'
Altlinster          
Wintrange, Dorefplaz
Vichten, Schoul     
Schouweiler, Kiirch 
Kehlen, Bei Fiewer  
Larochette, Leedebac
Burmerange, Bei der 
Colmar, Gare        
Rumelange, A Wiendel
Remerschen, Ennen am
Schrondweiler, Schou
A roport Luxembourg/
Belair, Archiducs   
Bertrange, Ecole Eur
Junglinster, Op der 
Clemency, Henn      
Martelange, Gare    
Longwy, Kin polis Ca
Erpeldange/S re, Um 
Dippach, Bei der Cr 
Bissen, Geiwels     
Drinklange          
Bourglinster, Buchho
Contern, Kr izgaass 
Centre, H llepull   
Bascharage/Sanem, Ga
Herserange, La Folie
Vianden, Plank      
Christnach, Hierheck
Potaschbierg        
Rolling/Bous        
Lamadelaine, Bei der
Rameldange, Bounert 
Perl, Oberperl      
Flaxweiler, Buchholz
Arsdorf, Bei der Kap
Schieren, Centre spo
Niederweis          
Eschdorf, Mairie    
Schweich, B53       
Bettembourg, Route d
Wincheringen, Winche
Eschdorf, Braas     
Dillingen (Saar), Ei
Hobscheid, Hiehl    
Bivels, Op der Mille
Kirchberg, Jean Monn
Weiswampach, Am Leem
Nocher, Welscheedgen
Capellen, Pafebruch 
Niedercorn, Schoul  
Kayl, Diddelengerstr
Pontpierre, Freschpe
Limpertsberg, Belle-
Dudelange, Kiirch   
Schieren, Porte de S
Nocher, Schoul      
Hinkel              
Leudelange, W schbur
Heispelt, G ierekr i
Lamadelaine, Gare   
Bigonville, K ismaar
Niederanven, Millen 
Dudelange, Biereng  
Welfrange, Op der Pl
Noerdange, Beim Kiir
Trier, S dbahnhof   
Cents, I.N.S.       
Wolwelange, Kiosk   
Dommeldange, Contour
Mulhouse, Gare      
Bettendorf, Annexe L
Eschweiler/Wiltz, Ga
Landres, Gare       
Knaphoscheid, Dahl  
Steinsel, Bourgaass 
Larochette, Hangelsb
Hondelange, Chemin d
Machtum, Deisermille
Strassen, Kesseler  
T tange, Duerf      
Limpertsberg, Crispi
Rodange, Waeschbur  
Mettlach, Keuchingen
Longwy, Stade       
Surr , G nzebierg   
Strassen, Aur lia   
Differdange, Rue de 
Ansembourg, Kapell  
Beiler, Op der Halt 
Helfenterbr ck      
Dudelange, Rue Marce
Dudelange-Centre, Ga
Mertert, Eglise     
Wormeldange, Gem en 
Derenbach, Kiirch   
Dommeldange, Barri r
Bergem, Blummestroos
Grevenmacher, Seiden
Mertert, Copal      
Heinerscheid, Bei Di
Limpertsberg, Fa enc
Gro steen           
Colmar-Berg, place P
Echternach, Fielsmil
Mamer, Holzemerstroo
Bridel, Flamo       
Senningerberg, Breed
Rollingergrund, Stan
Putscheid, Gemengeba
Blaschette, r.de Wor
Waldbredimus, Kiirch
Holzthum, Op der Hoe
Hostert, Binnewee   
Nancy, Ville        
Enscherange, Loumill
Olm, Kr imerech     
Differdange, Grillpl
Saarburg, Kahren    
Hollerich, AVL Porta
Strassen, Les Aub pi
Schieren, rue de la 
Petit Nobressart, Am
Rosswinklerhaff     
Kreuz-Konz          
Reckange/Mersch, Sch
Belair, Place de Fra
St. Vith, Triangel  
Schouweiler, Sch ife
Schuttrange, Um Grou
Eschweiler/Junglinst
Broderbour, Broderbo
Scheidgen, Hotschent
Greisch, Op der Quae
Niedercorn, Maison d
Pronsfeld, L nebache
Reckange/Mess, Am Du
Wemperhaart, Op der 
Soleuvre, Pl. de l'I
Dudelange, Route de 
Bonnevoie, Pont-Remy
Itzig, Hubertuspad  
Esch/Alzette, Belval
Hamm, Schoul        
Oberfeulen, Op Hoper
Boudlerbach, Boudler
Grosbous, Op der Baa
Hondelange, rue de l
Senningerberg, Charl
Longwy, Gare        
Colmar-Berg, Gare   
Longwy, Vauban      
Ehlange, Am Pull    
Lentzweiler         
Reimberg, Michel Luc
Munsbach, Aisvull   
Oberfeulen, route d'
Tandel, Schoul      
Bonnevoie, Dernier S
Bascharage, Dicks Le
Schieren, Gare      
Arlon, Gare         
Centre, Alsace      
Saeul, Ki m         
Heisdorf, Bei der Pa
Alsdorf (Eifel), Im 
T tange, Lorei      
Baschleiden, Flebour
Sinz (D), Ortsmitte 
Bruxelles, Nord     
Sirzenich, P&R B51  
Athus, rue du Commer
Steinheim, Spillscho
Michelau, Kiirch    
Gasperich, Louis de 
Rameldange, R tsch  
Herserange, Godfroy 
Junglinster, Um Lei 
Kirchberg, Chambre d
Foetz, Am Brill     
Grevenmacher, Gare r
Differdange, R. de l
Oberkorn, Chiers    
Obercorn, Aquasud   
Mamer, Arelerstrooss
Asselborn, Centre   
Dasburg, Lehmkaul   
Sprinkange, Um Kierk
Arzfeld, Kapelle    
Lichtenborn, Fuchswi
Differdange, Aal Gar
Buschdorf, Help rtwe
Neudorf, Laangegronn
Leudelange, Foyer   
Mertert, Gare       
Rambrouch, Schlass  
Longvilly,  glise   
Bastogne, Centre Spo
Bruxelles, Luxembour
Banzelt, Ort        
Schwebsingen, Centre
Steinsel, Um Gruef  
Mondercange, Centre 
Mersch, Hunnebour   
Grindhausen/Grandsen
Bascharage, Bommertb
Rodange, Wissi      
Saulnes, Les Pierret
Vichten, Ohligsfeld 
Contern, Kiircheplaz
P tange, Pr nzebierg
Hellange, Kiirch    
Elvange, W ntrengers
Marnach, Munzerstroo
Bellain, Gare       
Bissen, Op der Mille
Pagny-sur-Moselle   
Wickrange, Rumbaach 
Bissen, Kr izung    
Rodershausen, Um Wei
Dudelange, Eurohub  
Colmar, Faubourg    
Huncherange, Kreizun
Alzingen, G ssel    
Valeriushaff        
Consthum, K mel     
Rippig              
Medernach, Op der Ga
Eich, Octroi        
Bivels, Loch        
Steinsel, Schoul    
Keispelt, Spellen Ec
Bettel, Bei der Br c
Longwy, Lebrun Besse
Dommeldange, Jean En
Athus, Clinique     
Aspelt, Am Gr ndchen
M llerthal/M llerdal
Mersch, Lyc e Ermesi
Losheim, Heimlingen 
Sandweiler, Kapelleb
Dudelange, Rue Grand
Esch/Alzette, Conser
Kirchberg, Prince F 
Gasperich, Al Gasper
Limpertsberg, Kiisch
Alzingen, Hondsbr ck
Kirchberg, Marguerit
Breidfeld           
Strassen, Michel Ang
Kirchberg, Europe Ga
Redange, Osperstroos
Differdange, Am B sc
Dudelange, L.N.B. An
Michelau, Gare      
Leesbach            
Stolzembourg, Akesch
Bastogne, Pl. McAuli
Kleinbettingen, Kiir
Munsbach, Gare      
Wolpert             
T tange, Gare       
Rollingergrund, Beim
Mondercange, Kummerh
Folschette, Centre C
Dudelange, LNS      
Bettange, Dippechers
Mertert, Parc       
Bascharage, Rue de S
S lange, rue de Clem
Trier, P&R Messegel 
Lullange            
Consthum, Ennescht D
Garnich, Brill      
Eselborn, Dueref    
Hupperdange, Hualewe
Rodange, Beim Casino
Brouch/Wecker       
Dudelange, Fohrmann 
Trier, Bei der R mer
Hachiville, Kiirfech
Bonnevoie, Baden-Pow
Dondelange/Dondel   
Rodange, Croix St. P
Hagen, Kiirch       
P.A.S.-Stackint     
Pontpierre, Steewee 
Ehlerange, Schoul   
Rosport, Gemeng     
Pr m, Bahnhof       
Lichtenborn, Dorfpla
Cents, Tawioun      
Troisvierges, B nzel
Mersch, St ereplaz  
Roodt/Syre, Rue d'Ol
Ingeldorf, Kiirchpla
Belvaux, Roudewee Sc
Bonnevoie, Kaltreis 
Kirchberg, Europapar
Kahler, Schm tt     
Mondercange, Parking
Mamer, Lyc e (gare f
Mexy, La Forchette  
Munsbach, Parc d'Act
Holzthum, Ferme Thev
Esch/Alzette, Peckes
Rodange, Raths      
Fingig, Maerchen    
Strassen, Grande-Duc
Beaufort, Reisduerfe
Useldange, Beim G rd
Garnich, Holzemerstr
Girst               
T tange, Um Haff    
Cruchten, Schl f    
Huldange, Groussefel
Saarlouis, Kleiner M
Volmerange-les-Mines
Rodange, Siole      
Mersch, Lankheck    
Namur, Gare         
Schifflange, Poto   
Herserange, Quatre V
Olm, Kr izwee       
Schrassig, Schlassge
Kirchberg, Schm dd  
Differdange, Wagner 
Losheim, Bahnhof    
Milbech             
Larochette, Millewee
Dudelange, Riedgen 3
Dudelange, Riedgen 2
Liefrange, Kiirch   
Boxhorn, Eglise     
Trier, Saarstra e   
Niederpallen, Ver in
P tange, L tzebuerge
Flebour, Op der Fl i
Koerich, Gemeng     
Meispelt, Kuesselt  
Wecker, Gare        
Esch/Alzette, Bd Pri
Kirchberg, Luxexpo Q
Vielsalm, Gare      
Ehnen, Neie Wee     
Differdange, Becklec
Kirchberg, Luxexpo E
Diekirch, Lindab Bui
Mertzig, W chen     
Hoscheid, Markenbach
Fischbach/Heinersche
Kopstal, Saangen    
Munshausen, Am iewwe
Gondelengermillen   
Watzenrath, Gasthaus
Nocher, Route       
Ennert Schinker     
Ettelbruck, Pl.du Ma
Centre, Gruef       
Dommeldange, Parc de
Bastendorf, Ge'erwee
Ettelbruck, Anc. Cli
Cents, Fort Dumoulin
Differdange, Seelebu
Bonnevoie, Jeanne d'
Hesperange, Urbengss
Doncols, Bei der Kie
Pr m, Niederpr m Feu
P tange, Op der Mill
Lintgen, Gare       
Leudelange, P ssenda
Remich, Maatebierg  
Leithum, Bei der ale
Moutfort, Juxgaass  
Derenbach, Gro staen
Contern, I.E.E.     
Rodange, Brouckerwee
Oberwampach, Br ck  
Pratz, Zentrum      
Rodange, Fonderie   
Esch/Alzette, Rue Vi
Obereisenbach, Bei d
Moutfort, Bombasch  
Doennange           
Erpeldange/S re, An 
Fridhaff            
Alscheid, Village   
Scheidgen, Biweschla
Esch/Alzette, Pl. H 
Heispelt            
Clemency, Ieweschtga
Rollingergrund, Roud
Yutz, A roPark P&R  
Wahlhausen, Sapini r
Peppange, Duerfplaz 
R dange, Mairie     
Dippach-Reckange, Ga
Stolzembourg, S.E.O.
Baschleiden, Elber  
Senningerberg, Rue d
Warken, Rue de Burde
Niederkorn, Gielen B
Rambrouch, Gare     
Wiltz, Schoulbierg  
Gasperich, Scharfen 
Dudelange, Schmelz  
Enscherange, Bei Ste
Dudelange, Rue L on 
Wolw ner Halt       
Esch/Alzette, Rue d'
Dasburg, Ort        
B derscheid, Bitscht
Kirchberg, Niedergr 
Bigonville, Haaptstr
Lamadelaine, T telbi
Stadtbredimus, Wandm
Hobscheid, Ruppert  
Kirchberg, Albert Bo
Rodange, Klopp      
Vichten, Hemeschbaac
Niedercorn, Spillpla
Clervaux, Place Bene
Rodange, Kierch 2   
Strassen, Barbl     
Vugelsmillen        
Arlon, rue L on Cast
Dudelange, Dennewald
Esch/Alzette, Rue de
Dudelange, Rue de He
Altwies, Beckeschmil
Clervaux, Baastneche
Schifflange, Niddesc
Esch/Alzette, Rue du
Hamm, Montm dy      
Sanem, Schlass      
Nennig, Zoll        
Noertzange, Rue Prin
Bascharage, Treff/Op
Kirchberg, Gare rout
Boulaide, Post      
Wormeldange/Haut, Hi
Centre, Fondation Pe
Differdange, Parc Ge
Reichlange, Molkerei
Ell, Arelerstrooss  
Born, Op der Gare   
Consdorf, Konstr fer
P.A.S.-Bombicht     
Konz, Konz Mitte    
Verlorenkost, Heedek
Dudelange, Rue de la
Beuvillers, Centre  
Perl , Schoul       
Capellen, Centre de 
Vianden, Ruoderwee  
HULDANGE, Schm tt   
Ettelbruck, Ecole Pr
Hostert, Folschterwe
Nocher, Kautebaacher
Trier, St. Matthias 
Itzig, Kierch       
T nsdorf, Ortsmitte 
Buschrodt, Schoul   
Reckange/Mess, Finde
Luxembourg, Am lie  
Schifflange, Gringe 
Saarburg, Heckingpla
Esch/Alzette, Neidue
Hinkel, Schiltzhaus 
Merl, Barri re      
Hamm, Kierch        
Hobscheid, Steekaul 
Luxembourg, Gare Cen
Weimerskirch, St.Vit
Sandweiler, Du Pont 
Remich, Gare routi r
Esch/Alzette, Nossbi
Clervaux, Hall Polyv
Clervaux, Clinique  
Tuntange, S llerstro
Huldange, Helzt     
Leudelange, Gruef   
Lellig              
Weidingen, Wegdicher
Esch/Alzette, Bd Ber
Senningerberg, Kapel
Leudelange, Ackerhee
Pontpierre, Beim Kue
Vianden, Am Bousebie
Hollenfels, Schoul  
Merzig, Bahnhof     
Weiler-la-Tour, G lt
Kahler, Gare        
Redange, Centre M di
Remerschen, Al Schou
Sanem, Place Tornaco
Wolwelange, Ermitage
Diekirch, Akerbausch
Cessange, Rue de Leu
Cents, Robert Bruch 
Audun-le-Tiche, Cime
Colmar-Berg, rue Mar
Differdange, Opkorn 
Arlon, Cimeti re    
Mondercange, Steebr 
Weicherdange, Caf  B
Vichten, Wiltgeshaff
Grevels, Eneschten E
Mamer, Mambra       
Hostert, W schbur   
Colmar-Berg, Piscine
Rambrouch, Riesenkn 
Limpertsberg, Theate
Virton              
Villerupt, Barbusse 
Limpertsberg, L.T.C.
Colmar, C. Administr
Niederanven, Jacques
Peppange, Kirchwois 
Wemperhaardt        
Audun-le-Roman, Egli
Colmar, Usines      
Colmar, rue d'Ettelb
Untereisenbach, Br c
Centre, Rousegaertch
Esch/Alzette, L.H.C.
Pfaffenthal, Um Bock
Eselborn, Neidierfch
Bavigne, Gemeng     
Rumelange, Rembour  
Bech, Beim Weiher   
Cents, Gabriel de Ma
Mersch, Beim Klousch
Um Schinker         
Capellen, Hirebesch 
Belvaux, Stadium    
Senningerberg, Groms
Cents, Fetschebur   
Longsdorf, Pompstati
Messancy, rue de Lux
Pfaffenthal, Halte C
Eppeldorf, Gaich    
Wemperhaart, 3 Brake
Rodange, Gaardestroo
Tadler              
Wiltz, Salzbaach    
Scheidgen, Ver insba
Bonnevoie, Nic Marth
Heiderscheid, Fuusse
Niedercorn, P itenge
P.A.S.-Aalbaach     
Ernster, Naasswiss  
Hollerich, Fonderie 
Weimershof, Joseph H
Bettembourg, Rouseg 
Steinfort, Gemeng   
Sandweiler, Hiel    
Clausen, Clausener B
Belair, Cr cy       
Dudelange, Am Boujel
Dudelange, Boulodrom
Hagen, Laach        
St. Vith, Maria Gore
Kahler, Kiirch      
Bonnevoie, Huese Vic
Esch/Alzette, Rue G 
Kehlen, Zone Industr
Wahl, Gemeng        
Mamer, Zentrum      
Parc Hosingen, Gem n
Leithum, Bei der Kir
Bockholtz/Wiltz, Op 
Belval-Universit , G
Berdorf, H tel Perek
Echternach, Remparts
Tuntange, Kiirch    
Cessange, Rue Verte 
Ermsdorf            
Oberfeulen, Pl.de la
Bascharage, Industri
Beaufort, Iewescht H
Emeschbach          
Blaschette, Kreizung
Differdange, Fousban
Yutz, Roosevelt     
Proz, Bousserpad    
Mamer, Scoutshome   
Hagelsdorf          
Schleef             
Rosport, Camping    
Medingen            
Erpeldange/Bous, Eme
Senningen, Um Kiem  
Ettelbruck, Centre H
Clausen, Ste Cun gon
Schwebach, Br ck    
Kirchberg, L on Thye
Kockelscheuer, Kr iz
Dosberbr ck         
Biirgerkr iz        
Strassen, Schafsstra
Thionville, Gare    
Bridel, Stuff       
St. Charles, Rhin   
Gr fflingen, Houffal
Olingen, rue de Betz
Mamer, Tossebierg   
Walferdange, Gemenge
Niedercorn, Suesseme
Remich, Schoul      
Merl, Ath n e       
Wincrange, Kiemel   
Holzem, Br ck       
Uebersyren, Kreizgaa
Colmar, Raedelsboesc
Kayl, Arbed'shaff   
Bertrange, Kierfecht
Autelhaut, Eglise   
Ehnen, Lehboesch 2  
Wiltz, Post         
Wasserbillig, Marais
Bertrange, Spatzwiss
Noertzange, Am Duerf
Doncols, Um W schbur
Strassen, Riedgen   
Esch/Alzette, Dellh 
Hemstal, Am Iewescht
Bruxelles, Central  
Mondorf, Rue J. Doli
Hollerich, Gare     
Clausen, Rumm       
Cents, Carmel       
Orscholz, Rehaklinik
Ospern, W schbur    
Ehlerange, Rouseb sc
Wardin, rue de Basto
Howald, Gare        
Dudelange, Rue Jean 
Bascharage, Sicon   
Consdorf, Kraizstroo
Hierheck            
Nittel, Rochusstrass
Verlorenkost, Lavois
Heffingen, Scherfemi
Calmus, Lannekneppch
Dudelange, Skatepark
Warken, Caf  Kaell  
Lamadelaine, Wisestr
Basbellain, Eglise  
Bourglinster, Am Bri
Strassen, Hondseck  
Bourscheid, Meesch  
Grevenmacher, Jardin
Bohey, Um Weiher    
Schieren, Enner den 
Brandenbourg, Termin
Bech-Kleinmacher, Fu
Saulnes, Place      
Dudelange, Rue Jacqu
Koerich, Weidewee   
Wiltz, Brandbau     
Luxembourg, Ste Zith
P tange, Rue Gillard
Limpertsberg, Ermesi
Rumlange            
Capellen, Hireknapp 
Mondercange, Musekss
Gralingen, Am Br ill
Rumelange, Aale Kier
Diekirch, Kleck     
Eppeldorf, Faubourg 
Ingeldorf, Cit  Long
Foetz, Wacquant     
Beggen, Henri Heyman
Wecker, Eglise      
Wasserbillig, Cimeti
Wahlhausen Dickt, Op
Dudelange, Strutzbie
Insenborn, Duerf    
Howald, Jhangeli    
Mamer, Eisebunnsbr c
Merl, St.Hubert     
Daleiden, Laarberg  
Vianden, Piscine    
Bettembourg, Am Dr i
Orscholz, Sportplatz
Scheidel, Hengesch  
P tange, Rue des Rom
Cents, Tr ves       
Esch-sur-S re, An de
Bous, Kapell        
Grevenknapp, Um  nns
Mageret, Carrefour  
Kayl, Brill         
Dudelange, Rue Tatte
Steinfort, Um Quai  
Wandhaff            
Clervaux, Maison de 
Rumelange, M rtyrers
Orscholz, Cloef     
Bech, B iwerwiss    
Berg, Bei der Schmet
Bonnevoie, Lyc e Tec
Gasperich, Guillaume
Bereldange, Schoul  
Trier, Zurlaubener U
Grosbous, Kiirchepla
Esch/Alzette, Av. de
Dahlem, rue de Hivan
Watzenrath, Nord    
Everlange, Beim Enge
Angelsberg, Paafenda
Mompach, Kl ngelbaac
Allerborn, Maison 6 
Dippach, Um D ich   
Lauterborn          
Noertrange, Hekt    
Remich, rte de Luxem
Centre, Commerce    
Helfent, Automobile 
Ettelbruck, H.v.Land
Rippig, Rippigerkopp
Wiltz, Clinique     
Reckange/Mess, Wolle
Dudelange, Rue Antoi
Kayl, abri P.&Ch.   
Weimerskirch, Knupp 
Dippach, Op der Kopp
Brachtenbach, Maison
Buschdorf, Belle Vue
Saarburg, Im Fichten
Schwebsingen, Op der
Differdange, Gemeng 
H iltzerstee        
Ottange, Pl. de Mont
Esch/Alzette, Rue He
Dalheim, Poste      
Eppeldorf, Hossebier
Roodt/Syre, Bowengsb
Rumelange, Pl. de Fr
Mt.St.Martin, Foch  
Weiswampach, Om Knup
Woippy              
Breinertknupp       
Foetz, Armschlag    
Dahl, Ale Wee       
Schouweiler, Bei der
Bascharage, Th ophil
Esch/Alzette, Biblio
Syren, Klappsbr ck  
Cents, Nic Rollinger
Schuttrange, Kreizun
Ell, Beim Schreider 
Mompach, Ieweschtstr
Hagondange, Gare    
Welsdorf, rue des Ch
Proz, Altersheem    
Limpertsberg, Batty 
Herserange, Concorde
P tange, Porte Lamad
Brisenhaff          
Kirchberg, Rout Br c
Perl, Central-Hotel 
Strassen, Benelux   
Septfontaines, Op La
Trier, S dallee/Kais
Dudelange, Casino   
Moesdorf, Kiirch    
Longwy, Labro       
Obereisenbach, Bonge
Mertzig, Internat   
Aechelbur           
Noertzange, Lohrwies
Echternach, Bel Air 
Schuttrange, Kaneche
Biwer, Klosmillen   
Pfaffenthal, Vauban 
Haller, Beim Basseng
Folschette, Hueschte
Zittig, Kapell      
Aumetz, Poste       
Wallendorf, Cit     
Canach, Am Stee     
Heisdorf, Gare      
Schoos, Hiervel     
Manom, Centre Commer
Colbette            
Schifflange, Millche
Howald, Moureschanz 
Lannen, Schoul      
Jemenerhaff         
Bettborn, Gemenge Pl
Longlaville, Marcell
Bigelbach, Kiirch   
Canach, Post        
Remerschen, Nei Scho
Blumenthal/Blummenda
Boudler             
Mexy, Lorraine      
Niederwampach       
Kirchberg, R imerwee
Wellenstein, rte de 
Bettembourg, Kiirche
Livange, Am Duerf   
Allerborn, Maison 20
Esch/Alzette, Nonnew
Diekirch, Kluuster  
Limpertsberg, Avenir
Keiwelbaach         
Dommeldange, Emile M
Belval-R dange, Gare
Remich, Caves St. Ma
Niederdonven, Beim S
Belair, Service Ince
Machtum, Bei Kallek'
M llerthal, Cascades
Capellen, Gare      
Niederdonven, Beim F
Eisenborn, Am Duerf 
Dudelange, Rue Belai
Fennange, Rue des Ch
Hollerich, Salzhaff 
Senningerberg, rue d
Doncols, Beim Schneg
Haller, Schoul      
Esch/Alzette, R. de 
Gasperich, Leonardo 
Bergem, Naerzengerst
Marnach, Beim Cube  
Reisermillen        
Dommeldange, Dauschb
Esch/Alzette, Centre
Roedt               
Waldhaff            
Hermeswis           
Reckange/Mersch, Hun
Dudelange, Niddeschg
Esch/Alzette, Bd. Hu
Gasperich, Richard W
Esch/Alzette, Villa 
Burden, Beim F schwe
Hostert, Kierfecht  
Dudelange, Waldschou
P tange, Oberst D ss
Lentzweiler, Z.I.   
P tange, Athuserstro
Niedercorn, Franzous
St. Vith, Gesch ftsk
Clausen, Melusina   
Bonnevoie, Anatole F
P.A.S.-Bekassin     
Lintgen, Kr izung   
Cents, Jules Salenti
Lamadelaine, Spuerke
Lamadelaine, Maragol
Redange, Gare       
Bascharage, Bommelsc
Contern, Birewee    
Siebenaler, Bei der 
Belvaux, Milliounela
Howald, Op der Stirz
Wiltz, Wanselerstro.
Helfenterbr ck, Plet
Esch/Alzette, rue Ne
Mersch, Mierscherbie
Saulnes, All e des R
Folkendange         
RECKANGE (MERSCH), U
Obercorn, Chiers    
Herserange, Mairie  
Medernach, Iermsdr f
Trier, Konstantin Ba
Mt.St.Martin, Auchan
Keispelt, Bei P icke
Bonnevoie, Neufch te
Weiswampach, Grait  
Mondorf, Kleng Gare 
Meispelt, Kr izwee  
Michelau, Bei Schrei
Stegen, Kreiz       
Oetrange,  iter     
Echternach, rte.d'Os
Differdange, Place d
Differdange, Gew nnc
Goesdorf, Gemeng    
Pratz, Brakegaertche
Vianden, Br ck      
Dillingen D iljen   
Ettelbruck, Rond Poi
Dalheim, Gemeng     
Grundhof, Bei der Er
Mechelshaff         
L nebach, Br cke    
Messancy, rue du Ch 
Bivange, Edward Stei
Weicherdange, Kirels
Troisvierges, Police
Gostingen, Kiirch   
Athus, Douane       
Itzig, Am Kiemert   
Binsfeld, Beim Mus e
Hostert, Charlys Gar
Soleuvre, D ifferden
Frisange, Park & Rid
Oberkorn, Centre Spo
Echternach, Gare Cen
Ernzen, Manzebach   
Gostingen, Festsall 
Hamm, Rue de Bitbour
Kopstal, Br ck      
Rumelange, Intermose
Bertrange, Rue de Ma
Steinheim, An der Ue
Bridel, Schanz      
Remich, Piscine     
LUXEMBOURG (Limperts
Itzig, Dellbierg    
Peppange, Mus e     
Goesdorf, Pompje n  
Esch/Alzette, Cinqua
Tuntange, Knupp     
Saeul, Raiffeisen   
Mondercange, Dirbett
Beggen, Bastogne    
Neuhaeusgen, Ennesch
Hagen, Br ck        
Nocher, Route N 40  
Waldbillig, B lleger
Oetrange, Trengen Kn
Tuntange, Duerf     
Wiltz, Huuschtewee/P
Hosingen, Eesberwee 
Eltz                
Berbourg, Kiirch    
Dudelange, Nudelsfab
Bertrange, Fleuri   
Heffingen, Al Gemeng
Pontpierre, Paschtou
Mompach, Um Buer    
Benonchamps, Centre 
Zewen, Kantstra e   
St. Charles, Ch teau
Itzig, Am Horra     
Hollerich, Poincar  
Clervaux, Scierie   
Dudelange-Burange, G
Grevels, Zentrum    
Bonnevoie, Fraternit
T tange, Schoul     
Belair, Wandmillen  
Wahl, Kinnikshaff   
Neudorf, Kalchesbruc
Redange, Schock     
Cruchten, Haaptstroo
Kirchberg, Bricher G
Selz, An der Lengt  
Mondorf, Brill      
Redange, Lyc e Atert
Helmdange, Fautelfie
Hamm, Englebert Neve
Wellenstein, Centre 
Libramont           
Cattenom, Gendarmeri
Aubange, Mairie     
Gasperich,  mile Bia
Hoscheid, Braaken   
Greiveldange, Keller
Wahlhausen, Beim Cha
Soleuvre, Aessen    
Longwy, rue de Metz 
Basbellain, Wilmes  
Syren, Troudelermill
Leudelange, Queesche
Differdange, Cit  Br
Mondorf, Stade John 
Breidweiler (Pr itle
Saulnes, Auguste Ras
Dahl, Waassertuurm  
Beaufort, Aispist   
Ospern, Kiirch      
Wormeldange/Haut, K 
Dippach, Um Pull    
Obercorn, Rousegaert
Canach, Weber       
Weimershof, P queret
Mondercange, A.Thinn
Biwer, Haaptstrooss 
Dorscheid, Am Duerf 
Wilwerdange, Station
Capellen, Ponts & Ch
Redange/Attert, Bian
Belvaux, Um Bedding 
Echternach, Gare    
Wellen, Parking (Mos
Gasperich, Clemencea
Wellenstein, Caves c
Belair, Place de Li 
Mondorf, Bei der Dou
Contern, Kuehne & Na
Wiltz, Gare         
Sandweiler, Kiirch  
Howald, C.I.P.A.    
Derenbach, Chapelle 
Howald, Waassertuerm
Platen, Roudbach    
Dudelange, Scherrwee
Verlorenkost, Labora
Girst 2             
Sandweiler, Apdikt  
Clemency, Eecherwee 
Alsdorf (Eifel), Gas
Bettembourg, Peppeng
Arsdorf, Um Knupp   
Warken, L.T.P.S.    
Direndall           
Stafelter           
Koetschette, Rond-Po
Pontpierre, Bei der 
Clemency, F ngegerbi
Bergem, Steebr ckerw
Ottange, A Wiendelen
Olingen, Rue de Rode
Niederfeulen, Faubou
Oetrange, Prisong   
Clervaux, Parc      
Friedb sch          
Huldange, Lenglerloo
Kleinbettingen, Gare
Dudelange, Birenger 
Schieren, Uewerschie
Differdange, Douane 
Hamm, K schtewee    
Irrhausen, Wartehall
Belair, Rheinsheim  
Belval, Lyc e       
Senningerberg, Laang
Noertzange, Route de
St. Charles, Eglise 
Bissen, Z.A.C. Kleng
Limpertsberg, Bd.P. 
Bonnal, Um Bommel   
Hovelange, Halt     
Hesperange, Hollesch
Eppeldorf, Op Baach 
Beidweiler, Op der G
Schifflange, Brill  
Obercorn, Neiduerf  
Welscheid, Bei der B
Hesperange, Spr tzen
Bettembourg, 12 Garg
Belvaux, Postschoul 
Colmar, Usine Hyosun
Leudelange, Sti dswe
Hollerich, Pierre & 
Clervaux, Postes    
H ttermillen        
Pafebierg           
Kehlen, Um Knapp    
Oberanven, Rue Schet
Bitburg, ZOB        
Stegen, Eglise      
Centre, Etats-Unis  
Rollingergrund, Vill
Eich, Centre Culture
Derenbach, Beim W mp
Kaundorf, An der Hie
Greiveldange, Raiffe
Koetschette, Etienne
Diekirch, Lorentzwue
Dudelange, Rue Gaffe
Obercorn, Gare      
Echternach, Lyc e   
Niederanven, Laach  
Obercorn, Post      
Wellenstein, Scheier
Merzig, Stadthalle  
Mt.St.Martin, Cit  J
Kobenbour           
Filsdorf, W schbour 
Dippach, Op der Haar
Crauthem, Am Gruef  
Olm, Dr ischelsfeld 
Limpertsberg, N.S.Pi
Bettendorf, Elick   
Bettendorf, Schlass 
Dudelange, Rue Schor
Closdelt            
Differdange, Arbed  
Koerich, Fuurt      
Folschette, An der G
Steinfort, L tzebger
Hesperange, Itziger 
Muhlenbach, Siwemuer
Steinfort, Kolonie  
Weiler              
Mamer, C.I.P.A.     
Bonnevoie, Rotonde  
Crendal             
Kayl, Barri re      
Mensdorf, Uewen am D
Zewen, Im Siebenborn
Platen, Kinneb sch  
Esch/Alzette, LT (So
Wormeldange, Gew n  
Buschrodt           
Soleuvre, Kuss      
Colmar, Z.I. Jean Pi
Schouweiler, Kastill
Drauffelt, Op der Ga
Howald, Ronneboesch 
Larochette, Gare Rou
Kirchberg, Paul Noes
Luxembourg, Uni Camp
Stolzembourg, Kiirch
Reisdorf, Cit  J. Hi
Longwy, Merlin      
Frisange, Ennescht D
Blaschette, Rue de F
Brandenbourg, Bakes 
Dudelange, Rue Curie
Limpertsberg, Square
Sanem, Niederkuerers
Abweiler            
Maulusm hle, Gare   
Cessange, Barr s    
Bruxelles-Midi, Gare
Masseler            
Roeser, Kiirfecht   
Ettelbruck, L.T.Sale
Bous, Herdermillen  
Esch/Alzette, Rue Re
Schengen, Schoul    
Diekirch, Centre Mil
Dudelange, Jugendhau
Niedercorn, Rue de P
Hollerich, Garage AV
Bettange, Spillplaz 
Hollerich, Alphonse 
Igel, Kirche        
Steinheim, Maeleck  
Bettembourg, Krackel
Sterpenich,  glise  
Kapweiler, Lavandier
Schifflange, Gare   
Beggen, Rue du Pont 
Lamadelaine, Op Gehr
Gralingen, Schoul   
Remich, Station Viti
Limpertsberg, Parkin
Clervaux, Pl. de la 
Ehlerange, Centre   
Hayange-Esplanade   
Cents, Charles de To
Obercorn, Place Prin
Li ge-Guillemins    
Beiler, Kaesfurt    
Lamadelaine, Avenue 
Clemency, Gemeng    
Hondelange, rue du P
Garche, rte de Mondo
Nommern, Weierwiss  
Lorentzweiler, Am Du
Troisvierges, Gare  
Mondercange, Krombac
Wiltz, Aneschbaach  
Roodt/Redange, Beim 
Pintsch, An der K ie
Dudelange, Square Ma
Alzingen, R iserwee 
Dahl, Al Molkerei   
Bettel, Schmedd     
ESCH-SUR-ALZETTE, De
Gasperich, Gaasperec
Roodt/Redange, Schou
Born, Kapell        
Remich, rue de la Co
Essen               
H nsdorf, Alsbich   
Rodange, Fronti re  
Rollingen, Blannenhe
P tange, Cactus     
Differdange, Schoul 
Echternach, Centre V
Itzig, An den Espen 
Brouch/Mersch, Knepp
Bridel, Berk        
Mondorf, Av. Gr.D. C
Weiler/P tscheid, Ge
Arsdorf, An der Gaas
Weimerskirch, Duerf 
Leudelange, Beetebue
Moersdorf, Duerf    
Esch/Alzette, Maison
Sandweiler-Contern, 
Contern, Weiergewan 
Strassen, R imerwee 
Vichten, Gemeng     
Manternach, Gare    
Ettelbruck, Rue Pier
Rosport, Haaptstroos
Echternach, Centre d
Bettembourg, Al Geme
Christnach, Schoulst
Elvange/Beckerich, S
Differdange, Maartpl
Redange, Solupla    
Rumelange, Cit  St. 
Elvange/Beckerich, G
Belvaux, Gemeng/Post
Ehnen, Ieselsbreck  
Gasperich, Gerhard M
Athus, Croisement Ga
Schouweiler, Kierfec
Wemperhaart, Beim Ma
Binsfeld, Om B chel 
Rosport, Source     
Cents, Cents-Hamm   
P tange, Kierfecht  
Esch-sur-S re, SEBES
Hoesdorf, Ver insbau
Wecker, Grousswiss  
Grevenmacher, Op Flo
Hemstal, Kiirch     
Ringel              
Nagem, Centre Cultur
Limpach, Uecht      
Weimerskirch, Tommys
Esch/Alzette, Leesbe
Ettelbruck, Cit  Lop
Cents, Pommiers     
Eich, Ecole Eich    
Hettange-Grande, Gar
Redange, Noojhemerst
Erpeldange/Eschweile
Grund, Stadgronn-Br 
Moestroff, An der Ga
Consdorf, Haenricht 
Cents, Paul Albrecht
Mondercange, Mausere
Neunhausen, An der U
Baschleiden, Kiirch 
P tange, A Rousen   
Holzem, Festsall    
Grevels, Ieweschten 
Belair, Franciscaine
Folschette, Op der P
Schrassig, Bastenhaf
Wiltz, Lyc e (navett
Redange, Schleissche
Strassen, Follereau 
Niedercorn, Hondster
Mexy, Cond          
Bertrange, Richterwe
Leudelange, Gemeng  
Bif. Kalkesbach     
S lange, rue du Bois
Capellen, Police    
Noerdange, A Batzent
Gilsdorf, rue des Pr
Ahn, Op der Breck   
Gasperich, Plantin  
Lieler, Om Knupp    
Niedercorn, Cit  de 
Osweiler, Duerfplaz 
Wardin,  glise      
Kirchberg, Nationalb
Marnach, Op der Br c
Selscheid, Roudeb sc
Heisdorf, Altersheem
Wiltz, Lyc e du Nord
Oberbillig, Kirche  
Bonnevoie, Egalit   
Lasauvage, Schoul   
Larochette, Boltgest
Bonnevoie, Vann rus 
Bockholtz/Hosingen, 
Binsfeld, Beim alen 
Vianden, Schoul     
Hassel, K neftchen  
Weiler-la-Tour, Camp
Berg, Haff Biel     
Bettembourg, Fankena
Rodershausen, Kiirch
Esch/Alzette, Op der
Schieren, Rue A. Peu
Roullingen, Chalets 
Bertrange, Belle Eto
Proz, Haaptstrooss  
Hobscheid, Schoul   
M llendorf, Op der M
Belair, LTPS / Si ge
Bonnevoie, Hippodrom
Differdange, Contour
Hinkel, Haaptstrooss
Cruchten, Gare      
Sandweiler, Schiltzp
Roost, Luxlait      
Arsdorf, Mis rshaff 
Beidweiler, Am Duerf
Besch (D), Chemiewer
Prettingen          
Bissen, Um Sand     
Konz, Parkplatz     
Dudelange, Centre Sp
Weiler-la-Tour, Schl
Senningerberg, Autob
Stolzembourg, Br ck 
Nennig, Bahnhof     
Brandenbourg, Laangw
Mersch, Lohr        
Beggen, Binnchen    
Luxembourg/Centre, R
Luxembourg/Centre, P
Wincrange, Eglise   
Kirchberg, Avalon   
Schwebach, Am Duerf 
Luxembourg/Centre, M
Schlindermand., Bei 
Belair, Wampach     
Ehlerange, Denneb sc
Noerdange, Scheiwesw
Hussigny, Mines     
Weiswampach, Dr nk  
Gosseldange, rte. de
Dudelange, Pullewee 
Merzig, Saarwiesenri
Schm t              
Senningen, Duerfplaz
Munschecker         
Gasperich, Beethoven
Remerschen, Kiosk   
Esch/Alzette, W schb
Weiler-la-Tour, Hueh
Canach, Op der Br ck
Rodange, Rue Joseph 
Ettelbruck, Hall Omn
Niederstedem, Abzwei
Potaschbierg, Z.I.  
Gasperich, Ruppert  
Niedercorn, Moartpla
Roodt/Syre, Z.I. Rot
Watrange            
Vichten, B erig     
Kockelscheuer, Plate
Lamadelaine, Kierch 
Munshausen, bei der 
Differdange, Roudenh
Steinsel, Kennedy   
Dudelange, Butschebu
Altrier, Bildchen   
Yutz, Foyer AMLI    
Grevenmacher, Schoul
Gasperich, Jean Pire
Oetrange, Gare      
Sanem, Op Lohr      
Deiffelt, Carrefour 
Autelbas, rue d'Aute
Gasperich, Klensch  
Bertrange, Montereal
Niederanven, Op de W
Reisdorf, Beim Gober
Ehlerange, Monnerech
Strassen, Kiem      
Fentange, Duelemerba
Huldange, Eglise    
Schengen, Koerech   
Bascharage, Place Sc
Contern, Millewee   
Thionville, Porte Sa
Colpach-Haut, Pompje
Bitburg, Karenweg   
Redange, Gemeng     
Troine, Duerf       
Perl , Gare         
Cessange, Tubishaff 
Waldbillig, Gemeng  
Olingen, Beim lescht
Mondercange, J.Blese
Wasserbillig, Op der
Pontpierre, Op der B
Dirbach, Village    
Klingelscheuer      
Leudelange, Schaefer
Schrassig, Schwaarz 
Mettlach, Weisse Mar
Heinerscheid, Bei Mi
Wolwelange, Sp tzt  
Dudelange, Porte d'I
Dirbach, Bifurcation
Findel, Cit  A ropor
Dudelange, Rue Alexa
Nagem, Pompstatioun 
Ingeldorf, Bei der B
Perl , H iltzerwee  
Platen              
Bascharage, Brasseri
Livange, Geespelt   
Heinerscheid, Burega
Hobscheid, Laiterie 
Lultzhausen, Driicht
Beaufort, Huelewee  
Wiltz, Huuschtewee  
Mersch, Reckenerstro
Mondercange, Dokter 
Schieren, Aalen Atel
Messancy, Cit s     
Echternach, Alte Gre
Leudelange, Edeleck 
Goebelsm hle, Op der
Kockelscheuer, Patin
Dondelange, Pompstat
Schengen, S ckerbaac
Kirchberg, B.E.I.   
Kehmen, Kiirch      
Kayl, Police        
Beyren, Op der Br ck
Mettlach, Schiffsanl
Bous, Enner dem Pav 
Howald, Am Houwaldsb
Benonchamps, N  19  
Ettelbruck, Zone Ind
Stadtbredimus, Dicks
Munsbach, Kulturzent
Foetz, Rond Point   
Oetrange, Kurzebierg
Luxembourg, Gare Roc
Steinfort, Al Schmel
Eppeldorf, Haaptstro
Huldange, Maison Kna
Huncherange, Rue d'E
Bertrange-Strassen, 
Esch/Alzette, Av. du
Beaufort, Halerstroo
Winseler, Beim Burre
Itzig, Klouschter   
Bascharage, Eglise  
Bertrange, Pesch    
Saarburg, Bahnhof-Br
Neiduerf, Kapell    
Larochette, Pomjeesb
Garche, Ch naie     
Trintange, Trenteng 
Putscheid, Am Duerf 
Diekirch, Hall logis
Gr mmelscheid, Driic
Rodange, Fontaine d'
Weiler-la-Tour, Peke
Senningerberg, M nst
Longwy, Home City   
Bamb sch, Centre Spo
Wiltz, W inebeerig  
Beckerich, Kiirchepl
Herborn, Kiercheplaz
Vianden, Gemeng     
Leudelange, Gare    
Waldbillig, Michel R
Brattert            
Larochette, Goudelt 
Freckeisen          
Mt.St.Martin, H pita
Colmar, Centre      
Hollerich, Nancy    
Belvaux, Wenschel   
Perl , Kuelewee     
Kayl, Stellwierk    
Syren, Nidderbaach  
Roodt/Syre, Gare    
Strassen, Oricher-Ho
Useldange, Raiffeise
Schandel, Kreizung  
Merl, St. Gengoul   
Kirchberg, Kierch   
Barnich-Autelbas, Eg
Stadtbredimus, Schle
Mertzig, Eglise     
B derscheid, Village
Hettange Grande, Pla
Stadtbredimus, Kreiz
Cents, Dinselpuert  
Oetrange, Staefeld  
Differdange, Hansen 
Merzkirchen, Abzw.  
Rumelange, Centre Cu
Niedercorn, Hahneboe
Bascharage, Op Kratt
Longwy, Espace Saint
Lenningen, Hakenhaff
Stockem (LUX)       
Hollerich, Assurance
Beaufort, H rewiss  
Holzthum, Bei der Ki
Canach, Z.A. R cksch
Noerdange, Bei der P
Wilwerwiltz, Tomm   
Senningerberg, Marti
Hareler Poteau      
Noertzange, Gare    
Wahlhausen Dickt, An
Foetz, Am Butterbril
Gasperich, Millewee 
Aubange, Gare       
S lange, Eglise     
Bascharage, Arcades 
Athus, Gare         
KEHLEN, Katterwang  
Ellange, Martialis  
Malavillers, Mairie 
Rameldange, Beim B s
Differdange, Fonds d
Graulinster, Am Duer
H nsdorf, Eglise    
Verlorenkost, G n ra
Findel              
Ahn, Beim Quai      
Hamm, Ronndr isch   
Rodange, Schlackenmi
Bascharage, Widdems 
Ehnen, Puddel       
Belair, Kannerklinik
Brachtenbach        
Esch/Alzette, Iewesc
Soleuvre, Reitschoul
Roodt/Syre, Rothoich
Huttange (Hitten)   
Hondelange, Centre (
Cruchten, Neistrooss
Weidingen, Erpeldang
Heffingen, Soup     
Howald, 9 Mai 1944  
Dommeldange, Gare   
Beggen, Henri Dunant
Hosingen, Z.A.E.R.  
Ingeldorf, Walebroch
Bourscheid, Bei der 
Marienthal          
Huldange, Schmitt   
Moestroff, Br ck    
Michelau, Op der Sau
Belvaux,  nnert Zolw
Niederdonven, Op der
Messancy, Gare      
Reichlange, Hostelle
Linger, Schoul      
Daleiden, Zingent   
Ingeldorf, Caf  de l
Differdange, Moartpl
Oberanven, Routstrac
Boevange, Gare      
Bech, Neidierfchen  
Mersch, Nic. Welter 
Cents, Kierch       
Crauthem, Beim Schla
P tange, Cit  CFL   
Limpertsberg, Neuman
Bettembourg, Schelec
Esch/Alzette, Bd. Pi
Tandel, Veianerstroo
Biwer, Mairie       
Bech, Um Faubourg   
Koetschette, Schoul 
Cruchten, Zaneschhaf
Roost, Mold Plant   
Harzy, Centre       
Bertrange, Gaston Th
Bonnevoie, Kofferfab
Niedercorn, CFL Halt
Bech-Kleinmacher, Ce
Landres, Cit s      
Diekirch, Alexis Hec
Goetzingen, Kiirch  
Luxembourg, Square N
Mettlach, Geissert  
Boursdorf, Am Duerf 
Heischtergronn, Beim
Schifflange, Paerche
Cessange, Antoine   
Kayl, Cit  Berens   
Esch/Alzette, Op Zae
Allerborn, Kreizung 
Centre, Forum Royal 
Bettembourg, Parc Me
Esch/Alzette, Fettme
Rollingen, Fielserst
Ettelbruck, Rue de W
Goetzingen, Kreiz   
Rumelange, Gare     
Roodt/Syre, Campus s
Hostert, Am Bruch   
Cents, Arthur Knaff 
Centre, Beaumont    
Schouweiler, Hiel   
Boxhorn, Uschler    
Altwies, Buerg ssel 
Calmus, W schbur    
Limpertsberg, All e 
Mondercange, Rommelt
Nennig, Sparkasse   
Weiswampach, Hugerii
Medernach, Op der La
Helmsange, Barri r  
Ersange/Iers ng     
Sandweiler, Am Eck  
Esch/Alzette, Bd Pie
Bastogne, Renval    
Wasserbillig, Rue de
Kirchberg, Muguets  
Niederkorn, Rue de L
Erpeldange/S re, Lad
Luxembourg, Gare rou
Hollerich, Heentze P
Bastendorf, Lann    
Esch/Alzette, Hiehl 
Kaesfurt            
Koedange            
Gasperich, Hildegard
Strassen, Huorgarten
Rippweiler, Beim N s
Pommerlach (Knauf)  
Ettelbruck, Apdikt P
Rumelange, Schmelz  
Kehlen, Op der H ich
Bettembourg, Gare   
Longwy, R collets   
Echternach, Nonnenmi
P tange, Gemeng     
Selscheid, Enn scht 
Beho, rue de l'Eglis
Bissen, Steekr iz   
Helsem, Tricentenair
Perl , Op der Kopp  
Hobscheid, Ehnerpad 
Neimillen           
Canach, rue Haart   
Bertrange, W nkel   
Thionville, Foch Kio
Dudelange, Kierfecht
Esch/Alzette, E.P.M.
Athus, Centre (Grand
Dudelange, Centre Cu
Brouch/Mersch, Kloep
Elange-Veymerange, S
Hamm, Colonie       
Eschdorf, Quatre Ven
Trier, Nordallee    
Limpertsberg, Henri 
Mt.St.Martin, Eglant
Pettingen, Schlass  
Limpach, Kiirch     
Wincrange, Ecole    
Ernzen, Kapell      
Metz-Nord           
Ehlerange, Escherstr
Kirchberg, Universit
Boulaide, Camping   
Erpeldange/Bous, Rol
Dahlem, Um Eck      
Kautenbach, Op der G
Holzthum, Kiirfecht 
Rollingen, L tzebuer
Weimerskirch, Laval'
Belvaux, Belval     
Hollerich, Jean-Bapt
Esch/Alzette, Place 
Bertrange, Waassertu
Rouscht             
Belair, Oradour     
Pettingen, Barri r  
Bergem, Beim N ssert
Belvaux, Paquebierg 
Warken, Rue Bourscht
Fouhren, Halt       
Mamer, Gaaschtbierg 
St. Vith, Mein Lust 
Cloosbierg          
Belair, Glaesener-Ha
Uckange             
Paradiso, Gare      
DUDELANGE, Rue de l'
Boevange, Uerbelt   
Trier, Hochschule   
Deiffelt            
Hostert, Stade Jos B
Dudelange, Ville    
Neudorf, Carri res  
Nospelt, Beim Gliese
Oberanven, Fielsenha
Kayl, Eecherwee     
Welscheid, Jongerts 
Pittenbach, Abzw. Pi
Saulnes, Salvador Al
Imbringen, Am Duerf 
Centre, F.D. Rooseve
Centre, Cath drale  
Aspelt, Gare        
Beyren, An der Fuert
Diekirch, Dr i Brake
Niederfeulen, Atelie
Holzem, Mamerstrooss
Dudelange, Lenkeschl
Mamer, Eglantiers   
Stadtbredimus, Schou
Remich, Belv d re   
Berdorf, Bif. Heisbi
Kautenbach, Am Duerf
Audun-le-Tiche, R si
Godbrange, Bei der K
Ettelbruck, Rue du D
Leudelange, Kamelleb
Besch, Ortsmitte B41
Kirchberg, Hugo Gern
Ettelbruck, Lyc e Te
Belvaux, Grenz      
Dudelange, Mayrisch 
Zittig, Moulin      
Strassen, Les Therme
Soleuvre, Dickskopp 
Martelange, Leekoll 
Dommeldange, Uelzech
Oberanven, Gemeng   
Soleuvre, Cit  Kauff
Canach, Huehlgaass  
Rosport, Centr.Elect
Greiveldange, Gemeng
Bourglinster, Am Due
Bridel, Taverne     
Wilwerwiltz, Gare   
Hagen, 2 Steng forte
Esch/Alzette, Ennesc
Belvaux, Gemeng     
Limpertsberg, Alfred
Hesperange, Cit  Um 
Bitburg, Maximiner W
Garnich, Botterkr iz
Ehlange, Am Brill   
Bascharage, Prince H
Longlaville, Elsa Tr
Pr m, Niederpr m Sie
Hassel, Karmesch    
Bastogne, H tel de V
Aubange, Ecole      
Centre, Martyrs     
Oberanven, rue d'Ern
Yutz, Arc en Ciel   
Consthum, Knupp     
Nennig, R mische Vil
G. Pr izerdaul, Hora
Bettembourg, Cactus 
Hellange, Beteburger
Piennes, Place      
Lasauvage, Kajibi   
Herserange, St. Eloi
Belvaux, Lyc e Bel-V
Bockholtz/Wiltz     
Neiduerf, Brasserie 
Kirchberg, Mathias T
Flaxweiler, Bei Knup
Clervaux, Police    
Wormeldange, Kellere
Wiltz, Follmillen   
Merl, Marcel Cahen  
Heisdorf, Millewee  
Saeul, Beim Sand    
Diekirch, Gare      
P tange, Millen     
Consdorf, Gare      
Neudorf, Fixmer     
Mondercange, Police 
Longlaville, Maison 
Stadtbredimus, Vinsm
Schengen, Ennen am D
Hosingen, Bei der Ki
Bettange, K scht    
Rosport, Rue Neuve  
Bergem, Centre      
Niederdonven, Bei de
Bourscheid, An der S
Limpertsberg, Guilla
Irrel ZOB           
Boevange, L tschert 
Kapweiler, Kapell   
Filsdorf, Op der Pla
Grass, Um Camping   
Strassen, Cit  Pesch
Hoesdorf, Kranzenhaf
Bonnevoie, Carignan 
Weilerbach          
Windhof, Ecoparc    
Wardin,  cole       
Osweiler, Haaptstroo
Hosingen, Parc House
Grevenmacher, Tanneu
Audun-le-Tiche, Plac
Gilsdorf, Op der Bel
Rodange, Gare       
Elvange/Mondorf, Kal
Pontpierre, Pafenhec
Centre, Badanstalt  
Weimerskirch, Bieche
Junglinster, Gemeng 
Limpertsberg, L andr
Bertrange, Gemeng   
Bruxelles, Schuman  
Luxembourg, Chingiz 
Dudelange, Riedgen 1
Strassen, Primeurs  
Weimershof, Bleuets 
Arsdorf, Am Duerf   
Temmels, Kirchstrass
Esch/Alzette, Bruchs
Rollingergrund, Val 
Gouvy, Gare         
Neudorf, Kierch     
Schifflange, Cit  Be
Bour                
Dudelange, Gemeng   
Goesdorf, Maeschgaar
Mondercange, Kierfec
Weiswampach, Post   
Bonnevoie, Gabriel L
Neudorf, Huesegr ndc
Pfaffenthal, Stade G
Centre, Kasinosgaass
Mt.St.Martin, Douane
Esch/Alzette, Passer
Borg, Ortsmitte     
Merl, Plaak         
Grosbous, Police    
Hivange, Areler Stro
Hautbellain         
Cents, Waassertuerm 
P tange, Kr izheck  
Larochette, Bleech  
Weiswampach, Ennisch
Differdange, Centre 
Bivange, Schoul     
Ehnen, Lehboesch    
Mt.St.Martin, R sist
Bollendorf, Gare    
Kuelbecherhaff      
Dudelange, Rue Paste
Beckerich, Bei Schma
Cessange, Am Eck    
Hierber Millen      
Born, P tzwee       
Troisvierges, Tomm  
Strassen, Bourmicht 
Kayl, Sportshal     
Pommerlach, Theis   
Dudelange, Schlacken
Junglinster, P+R    
Saarbr cken Hbf     
Wiltz, Batzendelt   
Diekirch, Place des 
HOWALD, Bei der Kier
Cessange, Kuelebierg
Hellange, Ho ner Hal
Dalheim, Waasserklap
Gonderange, Mierchen
Bonnevoie, L on XIII
Schinker, Um Rank   
Wardin, rue de Wiltz
Esch/Alzette, Raemer
Drauffelt, Park & Ra
Limpertsberg, Waasse
P tange, Maartplaz  
Vianden, Larei      
Kirchberg, Poutty St
Roodt/Bour, Br ck   
Belair, Aub pines   
Septfontaines, Schou
Verlorenkost, Al Mol
Beaufort, Op der Gar
Alzingen, Trapeneck 
Howald, Rangwee     
Emeringerhaff       
Gasperich, Bei der A
Longlaville, Rue des
Dudelange, Breininge
Kirchberg, Rehazente
Igel                
Troine-Route, Route 
Wahlhausen, Burebier
Troisvierges, Mairie
Belair, Val Ste Croi
Dudelange, Soibelkau
Weidig              
Mensdorf, Ennen am D
Steinsel, Gonneschha
Rollingergrund, Bei 
Kalchesbr ck, Reno  
Schouweiler, Belair 
Niederanven, Routsch
Roullingen, R imerwe
Gr mmelscheid, Hoboe
Asselborn, Pickes   
L velange, Kapell   
Diekirch, Fielserstr
Vianden, Camping Mou
Longwy, St. Louis   
Hollerich, Schluecht
Centre, Al Avenue/A-
Roedgen, Laangwis   
Dudelange, Gare     
Schweich, Peiffer   
Gosseldange, Op der 
Houschterhaff       
Pissange, W schbur  
Frassem, Carrefour  
Elange, Cin ma      
Hesperange, Am Kelle
Wiltz, Schumann     
Mondercange, Kazebac
Brouch/Wecker, Gaerl
Warken, Rue de Welsc
Linger, Velo's Piste
Oberleuken, Ortsmitt
Esch/Alzette, Grand-
Hersberg/Heeschbreg 
Rodange, Schwemm    
Nachtmanderscheid, P
Kayl, Am Pull       
Dudelange, Greisenda
Dudelange, Spidol   
Lultzhausen, Bif.Lul
Abweiler, Cit       
Beggen, Kierch      
Wormeldange, Erdkaul
Schandel, Kiirch    
Bascharage, R.P. And
Dahl, Masselerstroos
Rollingen, Ver insba
Bras, Carrefour     
Ettelbruck, Pensionn
T tange, Kierfecht  
Leudelange, Ketzelac
Mt.St.Martin, Centre
Mexy, Ecole         
Reckange/Mersch, Bei
Hamiville, Maison 3 
Ettelbruck, Gare    
Troisvierges, Paster
Villerupt, Saint Nic
Nachtmanderscheid, K
R dange, rue de Belv
Ernster, Duerfplaz  
Esch/Alzette, Lyc e 
Leudelange, Op der S
Hamiville, Maison 31
Niederfeulen, Belle 
Maizieres-les-Metz  
Hautcharage, Op der 
Bigonville, Kimm    
Hoffelt, Kiirch     
Soleuvre, Collectric
Neuhaeusgen, Iewesch
Openthalt, Finsterth
Elvange/Mondorf, Vil
Dommeldange, Ch teau
Landres, Intermarch 
Hussigny, Place de l
Kirchberg, Alphonse 
Audun-le-Tiche, Mair
Bonnevoie, Jules Fis
M llendorf/M lleref 
Kirchberg, H pital  
Gonderange, Am Duerf
Kirchberg, Pierre We
Hassel, Dielchen    
Perl, Schampaul     
Helsem, Mercatoris  
Bourscheid, Millen  
Heinerscheid, Gem in
Ciney, Gare         
Junglinster, Rue de 
Reisdorf, Duddwee   
Wiltz, Bastnacherstr
Jemelle             
Centre, Monterey Par
Bollendorf, Pont    
Dudelange, Schoul Ri
Kounenhaff          
Strassen, Chapelle  
Findel, Business Cen
Fennange, Am Duerf  
Bous, Kierch        
Clemency, Breedewee 
Pontpierre, Pompjees
Fond de Gras        
Dudelange, rue Aloys
Neudorf/Weimershof, 
Erpeldange/Bous, Kr 
Longwy, Saintignon P
Echternach, Ste Croi
Septfontaines, Simme
Mamer, Gare         
Belair, Guillaume   
Bonnevoie, Willibror
Weicherdange, Kierch
Nospelt, Kr izhiel  
Bertrange, Dicks    
Kirchberg, Antoine d
Holtz, Molkerei     
Holler              
Junglinster, Um Reil
Fischbach/Mersch, Kr
Goebelsm hle, Gare  
Bonnevoie, Virchow  
Niederfeulen, route 
Trier, S d          
Huncherange, R. R si
Brandenbourg, Verein
Wiltz, Lann         
Bastogne, Place Merc
Bettange, Bei der Ba
Boevange, Beim Wald 
Steinfort, Schoul   
Clervaux, Gare/Lyc e
Hautcharage, Cr che 
Marvie, rue de Wiltz
Eischen, Denn       
R dange, Douane     
Olingen, Am K isbier
Esch/Alzette, Tramsc
Machtum, Gellebur   
Dudelange, Rue Ribes
Arzfeld, Abzw. Faule
Kirchberg, Coudenhov
Piennes, Zone d'acti
Metz-Ville          
Belvaux, Belval Ly  
Burmerange, R sidenc
Lenningen, Kaul     
Weiswampach, Beelers
Givenich, Am Duerf  
Blaschette, Op der K
Bivels, Kierch      
Esch/Alzette, Rue A.
Asselborn, Scierie  
Troisvierges, Milleb
Marvie, Grand Route 
Hautcharage, Scheedw
Lamadelaine, Rte de 
Bigonville, Am Duerf
Limpertsberg, Alen T
Bergem, Am Haff     
Schifflange, Ecole N
Weiswampach, I wwisc
Rumelange, Maartplaz
Limpertsberg, Alen E
Thionville, Esch    
Mondercange, Cit  St
Vianden, Scheierhaff
Dommeldange, Sidney 
Diekirch, Altersheem
Walsdorf, An der Gaa
Kockelscheuer, Campi
Merl, Geessekn ppche
Schandel, Viichtener
Mondorf, Casino 2000
Esch/Alzette, Porte 
Cents, K ibierg-I.N.
Dommeldange, Van der
Bilzingen Ort, Winch
Leudelange, Galgeb s
Folschette, Bellevue
Schieren, Neie Wee  
Bitburg, Masholder B
Bonnevoie, Wisestroo
Hamilius            
Marbehan, Gare      
Moutfort, Syrbr ck  
Clervaux, Klatzewee 
Bilsdorf, Am Duerf  
Machtum, Ongkaf     
P tange, Maison des 
Hivange, Kleng B iw 
Belair, Amsterdam   
Dorscheid, Leemkaul 
Wecker, An der Schm 
Wincheringen, Moselb
Berbourg, Schoulstro
Fentange, Op de Leem
Ehnen, An den Aessen
Esch/Alzette,  Barbo
Mettlach, Park      
Steinsel, Zone Indus
Dudelange, Rue du Pa
Hesperange, Wollefsm
Ehnen, Bromelt      
Limpertsberg, Lyc e 
Mamer, Lycee (gare r
Kirchberg, Luxexpo (
Limpertsberg, Lef vr
Lintgen, An der Kl c
Remich, Op der Kopp 
Roder (Ruadder)     
Mertzig, Butzebierg 
Contern, Rond Point 
Audun-le-Tiche, Gare
Fingig, Dillesbierg 
Landscheid, Kiirch  
Trier, Hauptbahnhof 
Mersch, Gare        
Perl, Schengen Lyzeu
Clausen, Tour Jacob 
Rumelange, Laangegro
Kirchberg, L on Heng
Limpertsberg, Jean S
Schieren, Vali's Pla
Howald, Bei der Kier
Senningen, Kierch   
Wincrange, Op der Lo
Echternach, Charly's
Longwy, Bas/Espace B
Beaufort, Ennescht H
Drauffelt, Op der L 
Soleuvre, Emile Mayr
Kockelscheuer, Poudr
Vianden, Aale Moart 
Bissen, ArcelorMitta
Wilwerdange, Schoul 
Dudelange, Scherr   
Eich, Eecher Plaz   
Bereldange, Elterstr
Oberwampach, Belzen 
Luxembourg, rue Hein
Dudelange, rue Ribes
Mt.St.Martin, Notre 
Echternach, Belle Vu
Gosseldange, Kapell 
Calmus, Titzebierg  
Kayl, Gare          
Schengen, Arr t de r
Soleuvre, Jugendhaus
Arlon, Square Astrid
Neuhaeusgen, Kiischt
Bertrange, Millewee 
Niederkorn, CHEM 2  
Pfaffenthal, Th iwes
Dudelange, Lyc e Nic
Schoenfels, Duerf   
Sandweiler, Rue d'Oe
Nommern, Griechten  
Dalheim, Hossegaass 
Trier, Pacelliufer  
Merl, Laang Heck    
Sanem, W.S.A.       
Arzfeld, Wartehalle 
Troine, Br ck       
Sandweiler, Kontroll
Merkholtz, Gare     
Meispelt, Bei M lles
Erpeldange/S re, Bei
Eischen, rue de Hobs
Boevange            
Thionville, Arlon   
Wasserbillig, Gare  
Boufer, Maison de Re
Weilerbach, Laufenwe
Bigonville, Huelgaas
Surr , Bei der Br ck
Dipp cherbierg      
Heffingen, Thommes  
Reckenthal, G ertner
Gonderange, Schoul  
Mondercange, A Bosse
Burmerange, Um Schot
Marnach, Dosberstroo
Hosingen, Ewescht Du
Frisange, Cit  Aalue
Magaret,  cole      
F itsch             
Mamer, Baerendall   
Liers               
Moersdorf, Olek     
Leudelange, Bowent  
Longlaville, Mairie 
Daleiden, Kirche    
Dudelange, Rue Fany 
Lorentzweiler, Beim 
Bascharage, Pierre C
Niederfeulen, Mairie
Capellen, Klouschter
Harlange, Br ck     
Cessange, Kierch    
Trier, Theodor-Heuss
Hollerich, P+R Bouil
T tange, Br ck      
Hautcharage, Um Kl p
Huncherange, Kiirch 
Ettelbruck, Serv Ind
Dippach, Bei der Kap
Muhlenbach, Eecher S
Dasburg, Abzw. Preis
Junglinster, Lyc e  
Ehner, Kapell       
Marnach, Schwaarzenh
Bissen, Kiirch      
Tarchamps, Kierch   
Mondercange, Pafenhe
Bech, Bei der Gemeng
Soleuvre, Um Bur    
Belair, Bragance    
Mexy, La Grotte     
Gonderange, Eesch le
Grundhof, Grondhaff 
Fentange, Fuertwee  
Senningerberg, Lou H
Ehlerange, Keupewee 
Dudelange, Rue des M
Dudelange, Rue des L
Roeser, Op der Hoehl
Gosseldange, Vor Bel
Dudelange, Rue des B
